{"cameraMode":{"drawMode":0,"name":"Shaded","section":"Shading Mode"},"sceneLighting":true,"audioPlay":false,"sceneViewState":{"showFog":true,"showMaterialUpdate":true,"showSkybox":true,"showFlares":true,"showImageEffects":true,"showParticleSystems":true},"in2DMode":false,"pivot":{"x":5.2870354652404789,"y":-1.8850936889648438,"z":1.0487866401672364},"rotation":{"x":0.25649046897888186,"y":0.5728244185447693,"z":-0.19529801607131959,"w":0.7537232041358948},"size":8.637239456176758,"orthographic":false}