{"cameraMode":{"drawMode":0,"name":"Shaded","section":"Shading Mode"},"sceneLighting":true,"audioPlay":false,"sceneViewState":{"showFog":true,"showMaterialUpdate":true,"showSkybox":true,"showFlares":true,"showImageEffects":true,"showParticleSystems":true},"in2DMode":false,"pivot":{"x":-2.0432443618774416,"y":-1.4655146598815919,"z":0.4156174659729004},"rotation":{"x":0.36324840784072878,"y":0.29953742027282717,"z":-0.12489118427038193,"w":0.873445451259613},"size":5.685562610626221,"orthographic":false}