{"cameraMode":{"drawMode":0,"name":"Shaded","section":"Shading Mode"},"sceneLighting":true,"audioPlay":false,"sceneViewState":{"showFog":true,"showMaterialUpdate":true,"showSkybox":true,"showFlares":true,"showImageEffects":true,"showParticleSystems":true},"in2DMode":false,"pivot":{"x":-0.9363641738891602,"y":2.5779123306274416,"z":-8.856590270996094},"rotation":{"x":0.2764401435852051,"y":0.18027818202972413,"z":-0.05293111503124237,"w":0.9425217509269714},"size":4.090630054473877,"orthographic":false}